Model,DNP11_E_weight,Base_R50,Ablated_R50,Relative_Drop,flux_share_top1,flux_share_top0p1,flux_gini,Block_Mass_Err,Median_Dist,Dist_Divergence,deg_mean,deg_p95,str_mean,str_p95,reciprocity,rich_club_1,rich_club_5,modularity_proxy,f_val,seed
f_0p001_Seed_000,6.212532980054224,0.05076,0.05119200000000001,-0.008510638297872514,0.26097059157580305,0.15394380381597747,0.6420426299648877,0.2543726387169961,6956.065590543598,0.48208147775678223,130.45381067333392,175.0,512.2020001724287,734.0,0.01432556771666748,0.010860590663702763,0.009395111630228862,0.7387028074592039,0.001,0
f_0p001_Seed_001,6.2128532247713855,0.05103800000000001,0.05067800000000001,0.007053567929777797,0.26095783570868647,0.15362273401521354,0.6420980311373474,0.2543726387169961,6956.209923514377,0.4820707313487785,130.45381067333392,175.0,512.2020001724287,734.0,0.014318958915561827,0.01089789149490642,0.009365811768910312,0.7387028074592039,0.001,1
f_0p001_Seed_002,0.0,0.0506,0.050864000000000006,-0.0052173913043479705,0.2609242522221837,0.15374813405465948,0.6420357450597507,0.2543726387169961,6956.029039607852,0.48208419918118256,130.4622464595952,175.0,512.2351216778393,733.0,0.014322593756169935,0.010835756149337763,0.009380224986066703,0.7387028074592039,0.001,2
f_0p001_Seed_003,6.213347647947856,0.050876,0.050512,0.007154650522839773,0.2609259706872496,0.15365845698016395,0.6419974491812276,0.2543726387169961,6955.679190407838,0.4821102474376747,130.45943440962193,175.0,512.2240807000906,734.0,0.014323254636280501,0.011005321153192232,0.009392159376081288,0.7387028074592039,0.001,3
f_0p001_Seed_004,6.356528869429826,0.050892,0.050338,0.010885797374832959,0.26108940093422356,0.15384370377102755,0.6421477914711278,0.2543726387169961,6955.337159333098,0.4821357135904137,130.45381067333392,175.0,512.2020001724287,734.0,0.014326559036833327,0.01080313571238202,0.009387971652122596,0.7387028074592039,0.001,4
f_0p001_Seed_005,6.255121116795984,0.050762,0.05119800000000001,-0.008589102084236354,0.2608635495047736,0.15370670877917872,0.641973870597115,0.2543726387169961,6956.1964103830505,0.48207173747802157,130.45662248087078,175.0,512.2130401982972,734.0,0.014325237276612196,0.010896883364333348,0.009347499913537649,0.7387028074592039,0.001,5
f_0p001_Seed_006,6.263450243784104,0.051092000000000005,0.051222000000000004,-0.002544429656306235,0.2611474400490078,0.15392462696555168,0.6421401264073805,0.2543726387169961,6955.484239072172,0.48212476266993687,130.45662248087078,175.0,512.2130401982972,733.0,0.014314993634898436,0.010908093130375328,0.009410264344652914,0.7387028074592039,0.001,6
f_0p001_Seed_007,6.215369693452368,0.050346,0.050208,0.0027410320581575344,0.26117989071956593,0.15398690471715545,0.6421582852025487,0.2543726387169961,6955.373246631633,0.4821330266864324,130.45662248087078,175.0,512.2130401982972,733.0,0.014315324074953718,0.010909337308578399,0.009376934852495737,0.7387028074592039,0.001,7
f_0p001_Seed_008,6.21937722878891,0.05131800000000001,0.050914,0.007872481390545392,0.2607946180222838,0.153649295591003,0.6419709084215466,0.2543726387169961,6955.848043164879,0.4820976753925632,130.45662248087078,175.0,512.2130401982972,734.0,0.014323585076335783,0.010945475900076794,0.009395288891530107,0.7387028074592039,0.001,8
f_0p001_Seed_009,6.20949695998355,0.05089400000000001,0.05084000000000001,0.0010610288049671568,0.26094043796477606,0.1537568786094082,0.6419957589606399,0.2543726387169961,6955.6659278602565,0.4821112349095373,130.45943440962193,175.0,512.2240807000906,734.0,0.014322924196225217,0.010872107668501925,0.009361088855739452,0.7387028074592039,0.001,9
f_0p005_Seed_000,6.471614647524718,0.053622,0.054322,-0.013054343366528649,0.25804582892449096,0.15036399207386625,0.6401756622340774,0.2543726387169961,6954.094225703397,0.4822282570462454,130.47068333692607,176.0,512.2682474671266,736.0,0.014340107079099914,0.010868958069561332,0.009499497653808649,0.7387028074592039,0.005,0
f_0p005_Seed_001,6.471704883456076,0.05504000000000001,0.054448,0.010755813953488536,0.2583384832756273,0.15063308753276944,0.6402904326660516,0.2543726387169961,6954.4362100669105,0.48220279437142216,130.47068333692607,176.0,512.2682474671266,735.5499999999956,0.01434836808048198,0.011006506991554756,0.00946379979479859,0.7387028074592039,0.005,1
f_0p005_Seed_002,0.0,0.054074000000000004,0.053852,0.004105485076007081,0.2582925639118498,0.15057202256241964,0.6403540848616777,0.2543726387169961,6954.741440197316,0.4821800682576405,130.47349587186616,176.0,512.2792903490051,735.0,0.014341428839321045,0.010729320430812967,0.00947074606831144,0.7387028074592039,0.005,2
f_0p005_Seed_003,6.181539191957224,0.053422000000000004,0.053796000000000004,-0.007000861068473649,0.2586502524011337,0.15128995015060118,0.6404589323760826,0.2543726387169961,6953.939315227328,0.4822397910094896,130.46787092323942,176.0,512.2572050613265,736.0,0.014334820038215393,0.011059804870782751,0.009480390006947299,0.7387028074592039,0.005,3
f_0p005_Seed_004,6.57771900930392,0.054748000000000005,0.054248000000000005,0.009132753707898013,0.2582570393953079,0.1505546580598193,0.640389416041097,0.2543726387169961,6953.720838513261,0.48225605783955633,130.4650586307984,176.0,512.2461631315745,736.0,0.014349359400647828,0.01099516646338709,0.009509980698715365,0.7387028074592039,0.005,4
f_0p005_Seed_005,6.420519897369018,0.054002,0.053862,0.002592496574200978,0.2583458785298597,0.1508947019800597,0.6403389736834717,0.2543726387169961,6953.069394156104,0.48230456156546153,130.47349587186616,176.0,512.2792903490051,736.0,0.014346055000095002,0.01094224924012158,0.009424870071290708,0.7387028074592039,0.005,5
f_0p005_Seed_006,6.370899722696421,0.053858,0.053022,0.01552229937985078,0.25866679507583745,0.1512117145077956,0.6405336834081269,0.2543726387169961,6953.447130739808,0.48227643693513955,130.46787092323942,176.0,512.2572050613265,735.0,0.014344072359763305,0.01092978331784302,0.00943297549529293,0.7387028074592039,0.005,6
f_0p005_Seed_007,6.726783043838078,0.054327999999999994,0.05406600000000001,0.004822559269621273,0.25851504931222424,0.15067936142448105,0.6403511791699884,0.2543726387169961,6954.250462845742,0.4822166243051751,130.47349587186616,176.0,512.2792903490051,736.0,0.014334159158104827,0.010964932178015696,0.009415014131995265,0.7387028074592039,0.005,7
f_0p005_Seed_008,6.417487603362665,0.054676,0.05492800000000001,-0.00460896920038059,0.25813791011000714,0.15059406191318533,0.640265988199307,0.2543726387169961,6954.4098239756795,0.48220475896551634,130.46787092323942,176.0,512.2572050613265,736.0,0.014339115758934066,0.010969470025441646,0.00946938274789094,0.7387028074592039,0.005,8
f_0p005_Seed_009,0.0,0.054315999999999996,0.05431400000000001,3.682156270690262e-05,0.25842602685771765,0.1507299075231906,0.6403730549943174,0.2543726387169961,6953.99471519534,0.48223566616776814,130.47349587186616,176.0,512.2792903490051,736.0,0.01433581135838124,0.010993566963716218,0.00944145244572761,0.7387028074592039,0.005,9
f_0p01_Seed_000,6.644963605803968,0.05847,0.059136,-0.011390456644433042,0.25535770073468994,0.14698667509707666,0.6384286843161933,0.2543726387169961,6950.036114998584,0.4825304063966186,130.4847472243182,177.0,512.3234666379218,739.0,0.014361255242638002,0.011058583611420097,0.009581263693347344,0.7387028074592039,0.01,0
f_0p01_Seed_001,6.591271725886817,0.059426,0.05915,0.00464443173021907,0.25563753317907323,0.1473069744278131,0.6385111888384085,0.2543726387169961,6952.562405324837,0.4823423097584401,130.493187012203,177.0,512.3566038549437,738.0,0.014389673087392307,0.011087733670961495,0.009543155240406217,0.7387028074592039,0.01,1
f_0p01_Seed_002,0.0,0.05860800000000001,0.05881600000000001,-0.003549003549003546,0.2557048432034402,0.14732190871432402,0.6385763722606345,0.2543726387169961,6952.1110822540595,0.48237591331994034,130.493187012203,177.0,512.3566038549437,738.0,0.01437480328490459,0.010787369562271311,0.009532267442071468,0.7387028074592039,0.01,2
f_0p01_Seed_003,6.587258725405271,0.05757,0.058362,-0.013757165190203128,0.25573071217808585,0.14742347757146282,0.6384477958300486,0.2543726387169961,6949.727980287917,0.482553348772869,130.49037362826897,177.0,512.3455576396525,738.0,0.014362577002859133,0.011089242432526014,0.009464235573308697,0.7387028074592039,0.01,3
f_0p01_Seed_004,8.004861060146375,0.058632000000000004,0.05921000000000001,-0.009858097966980643,0.25560309977457996,0.14750779129281083,0.6386108737737833,0.2543726387169961,6951.981983574886,0.4823855254485597,130.4763085280676,177.0,512.2903337069932,739.0,0.014386368686839481,0.011250651672004171,0.009556401893211434,0.7387028074592039,0.01,4
f_0p01_Seed_005,6.536192146103652,0.058314,0.05855,-0.004047055595568819,0.25577581743029315,0.14788366708041237,0.6386126799565839,0.2543726387169961,6950.748520836431,0.4824773637428407,130.49037362826897,177.0,512.3455576396525,739.0,0.014378438125512698,0.011064459670812541,0.009586018715123093,0.7387028074592039,0.01,5
f_0p01_Seed_006,6.878588509821707,0.058172,0.05804200000000001,0.0022347521144191573,0.25598907399333715,0.14779261340773822,0.6387429155687605,0.2543726387169961,6951.278479529915,0.48243790531338715,130.49037362826897,177.0,512.3455576396525,738.0,0.014379099005623263,0.01089173155357805,0.00948763324924879,0.7387028074592039,0.01,6
f_0p01_Seed_007,6.70112198774863,0.059430000000000004,0.058648,0.013158337539963063,0.25556326680816194,0.14721115283679004,0.6384846239354384,0.2543726387169961,6951.603196381528,0.48241372830272705,130.49037362826897,177.0,512.3455576396525,738.0,0.014362907442914415,0.011222722871825427,0.00951428545571373,0.7387028074592039,0.01,7
f_0p01_Seed_008,6.589411434994231,0.059320000000000005,0.059601999999999995,-0.004753877275792154,0.25521933701902944,0.14691141189764964,0.6383048566021625,0.2543726387169961,6951.014242539954,0.4824575792554427,130.50162789193385,177.0,512.3897453588909,739.0,0.014360594362527436,0.011206896551724138,0.009630857764897548,0.7387028074592039,0.01,8
f_0p01_Seed_009,0.0,0.059026,0.05990200000000001,-0.014840917561752594,0.256080966684524,0.14755852206455308,0.6386444073602121,0.2543726387169961,6951.792143037645,0.48239966015290225,130.49037362826897,177.0,512.3455576396525,738.0,0.01435464644153235,0.010803670745272526,0.009487859398897708,0.7387028074592039,0.01,9
f_0p02_Seed_000,7.9567476005818305,0.067362,0.068092,-0.010836970398741048,0.25079822332144863,0.14129674159623318,0.6353612017272433,0.2543726387169961,6944.517873833234,0.48294127073832704,130.51851292778125,179.0,512.4560412308887,745.0,0.014459395939056941,0.011438635520949203,0.009696130236650143,0.7387028074592039,0.02,0
f_0p02_Seed_001,7.13287048042643,0.06798000000000001,0.067672,0.004530744336569823,0.25097256313977256,0.1411569149547809,0.6354613079432383,0.2543726387169961,6947.529992738423,0.482717001407929,130.53258712905452,179.0,512.5113008971705,745.0,0.014461048139333355,0.011352623563616226,0.009632072293016498,0.7387028074592039,0.02,1
f_0p02_Seed_002,0.0,0.067352,0.06757200000000001,-0.0032664211901652787,0.2510665551048736,0.14105523112621246,0.6355252444512667,0.2543726387169961,6947.596706749484,0.48271203417155495,130.529772045979,179.0,512.5002480105243,745.0,0.014450804497619592,0.011459420224107427,0.00974961778490689,0.7387028074592039,0.02,2
f_0p02_Seed_003,6.891584292547792,0.066548,0.067376,-0.012442147021698763,0.2510659127061426,0.14131754460806634,0.6354229305049935,0.2543726387169961,6944.902411120046,0.4829126397571006,130.51851292778125,179.0,512.4560412308887,745.0,0.0144544393382277,0.011090978971064624,0.009564943527207678,0.7387028074592039,0.02,3
f_0p02_Seed_004,8.370089589500038,0.0673,0.067798,-0.007399702823179769,0.2509603360452835,0.14097267879456352,0.6355300215366315,0.2543726387169961,6944.660574857942,0.48293064583796097,130.51851292778125,179.0,512.4560412308887,745.0,0.014482526742926724,0.011332395771900377,0.009647290650483068,0.7387028074592039,0.02,4
f_0p02_Seed_005,7.004727163978225,0.06597,0.067372,-0.021252084280733673,0.2514267730041128,0.14186839393308984,0.6356738884392602,0.2543726387169961,6945.167708557459,0.48289288685871984,130.53821765949186,179.0,512.5334081007635,745.0,0.014472613541268246,0.011183722654801631,0.00954109844703513,0.7387028074592039,0.02,5
f_0p02_Seed_006,7.20707488544464,0.06735400000000001,0.06742000000000001,-0.0009798972592570093,0.2513385583369164,0.14159935002962976,0.6356827572082232,0.2543726387169961,6946.42991039086,0.4827989087758771,130.53821765949186,179.0,512.5334081007635,745.0,0.014468978700660136,0.011332035595105674,0.00958498758382775,0.7387028074592039,0.02,6
f_0p02_Seed_007,0.0,0.0683,0.067976,0.004743777452415884,0.25137037985756117,0.14132166715893768,0.6355891397320187,0.2543726387169961,6946.198240752561,0.48281615789395316,130.5410331068694,179.0,512.544462417772,745.0,0.014448491417232614,0.011152900871378565,0.009617786115094968,0.7387028074592039,0.02,7
f_0p02_Seed_008,7.586271705389978,0.067862,0.06823,-0.005422769738587034,0.2505160975474577,0.14107654113385282,0.6350993287149108,0.2543726387169961,6945.377455525441,0.4828772700077445,130.53258712905452,179.0,512.5113008971705,745.0,0.014467656940439007,0.011262648077859776,0.009690547602047343,0.7387028074592039,0.02,8
f_0p02_Seed_009,0.0,0.067192,0.06802000000000001,-0.012322895582807615,0.251249464059832,0.14109081056195558,0.635525584179077,0.2543726387169961,6945.962208362433,0.48283373184363865,130.53821765949186,179.0,512.5334081007635,746.0,0.014442543496237527,0.010952563191369162,0.00966393317945469,0.7387028074592039,0.02,9
f_0p05_Seed_000,8.734360636250129,0.09238600000000001,0.09409000000000002,-0.01844435304050409,0.24147084677053743,0.12671580809263394,0.6290757392994162,0.2543726387169961,6922.153711092902,0.4846064094531526,130.68196048796287,186.0,513.0977868940948,769.0,0.014859889286059478,0.011257171251750462,0.009549627897017157,0.7387028074592039,0.05,0
f_0p05_Seed_001,8.953416962566507,0.09269800000000002,0.09374400000000001,-0.011283954346371996,0.2424969559130438,0.12828425899948925,0.6296483027237353,0.2543726387169961,6923.373419077655,0.4845155952782704,130.65657110784906,186.0,512.9981003367585,769.0,0.014837749802355542,0.011308599314407551,0.009770550430393347,0.7387028074592039,0.05,1
f_0p05_Seed_002,0.0,0.09292000000000002,0.09471200000000002,-0.019285406801549738,0.24169284087507842,0.12670988591462948,0.629224739533614,0.2543726387169961,6922.121098333643,0.484608837657985,130.69889222397373,186.0,513.1642661253752,770.0,0.01479974919599804,0.011478736873463916,0.009988425082764705,0.7387028074592039,0.05,2
f_0p05_Seed_003,7.616477497443712,0.09333400000000001,0.09409800000000003,-0.008185655816744321,0.24177120684807155,0.12716821721566604,0.6292393947899432,0.2543726387169961,6918.63783558451,0.484868186318824,130.6706751009305,186.0,513.0534769748915,769.0,0.014819575599314998,0.011341468947058023,0.009755728267400947,0.7387028074592039,0.05,3
f_0p05_Seed_004,8.815610617455539,0.09302400000000001,0.093576,-0.005933952528379739,0.2413370587065938,0.1264716393000915,0.6289474077868348,0.2543726387169961,6920.8571723354025,0.4847029441146756,130.65939166288885,186.0,513.0091747080284,768.0,0.014896568132195849,0.011162210471438148,0.009744592280641905,0.7387028074592039,0.05,4
f_0p05_Seed_005,8.76146968984355,0.09169200000000002,0.094148,-0.02678532478296876,0.24182374090033834,0.12777489574381332,0.6293099898138219,0.2543726387169961,6922.5865469488435,0.48457418236961447,130.67349626495098,186.0,513.064553737208,769.1500000000015,0.014882028769763413,0.011090978971064624,0.009699638536689086,0.7387028074592039,0.05,5
f_0p05_Seed_006,8.21757114904014,0.09011800000000002,0.09108400000000001,-0.010719279167313904,0.24145775071514647,0.127408289789093,0.6290646666103373,0.2543726387169961,6925.861462656705,0.48433034632726996,130.67631755079128,186.0,513.0756309778267,769.0,0.014831471441305172,0.011344377016018807,0.009803156227075293,0.7387028074592039,0.05,6
f_0p05_Seed_007,0.0,0.09394200000000003,0.09445800000000001,-0.005492750846266724,0.2416459673423505,0.126934774387566,0.6291500866073606,0.2543726387169961,6921.872579004172,0.48462734133110213,130.65375067458177,186.0,512.9870264436049,770.0,0.01481990603937028,0.011442381533179745,0.009756675255265397,0.7387028074592039,0.05,7
f_0p05_Seed_008,0.0,0.09390400000000002,0.09442800000000001,-0.00558016697904239,0.2413709912930172,0.12669797727632717,0.6288690373114764,0.2543726387169961,6922.8208123511595,0.48455673998219,130.662212339709,186.0,513.0202495574457,770.0,0.014827175720586498,0.0115909812638933,0.009865637665870857,0.7387028074592039,0.05,8
f_0p05_Seed_009,0.0,0.09200800000000002,0.09375600000000002,-0.01899834796974175,0.24149125562222346,0.1267194164185282,0.6291037487856048,0.2543726387169961,6923.30643551179,0.4845205825845279,130.63965033455645,186.0,512.9316641484999,770.0,0.01480867107749067,0.011391371410425078,0.009887305006999282,0.7387028074592039,0.05,9
